Address,Address_2,City,State
15215 North Kierland Boulevard,Suite 160,Scottsdale, AZ 85254
"3333 Bristol Street, Suite 2007",Suite 2007,Costa Mesa, CA 92626
113 S. Robertson Boulevard,,Los Angeles, CA 90048
149 Throckmorton Avenue,,Mill Valley, CA 94941
73-505 El Paseo,#F-1616,Palm Desert, CA 92260
114 Stanford Shopping Center,,Palo Alto, CA 94304
15 E. Colorado Boulevard,,Pasadena, CA 91105
2216 Fillmore Street,,San Francisco, CA 94115
1237 Marina Boulevard,Building J,San Leandro, CA 94577
1282 Broadway Plaza,,Walnut Creek, CA 94596
2800 East 2nd Avenue,Suite 107,Denver, CO 80206
160 Main Street,,Westport, CT 06880
5550 N Military Trail,#206,Boca Raton, FL 33496
1211 Third Street South,,Naples, FL 34102
2055 Periwinkle Way,,Sanibel, FL 33957
1501 Main Street,,Sarasota, FL 34236
112 North Park Avenue,,Winter Park, FL 32789
845 North Michigan Avenue,,Chicago, IL 60611
640 Central Avenue,,Highland Park, IL 60035
1995 East Golf Road,,Schaumburg, IL 60173
5330 Western Avenue,C-102,Chevy Chase, MD 20815
108 Shawan Road,,Hunt Valley, MD 21030
100 Huntington Avenue,Suite A014A,Boston, MA 02116
6 Wayside Road,Suite C1,Burlington, MA 01803
199 Boylston Street,,Chestnut Hill, MA 02467
94 Derby Street,Derby Street Shoppes,Hingham, MA 02043
24 Pleasant Street,,Northampton, MA 01060
53 Central Street,,Wellesley, MA 02482
2801 West Big Beaver Road C-113,,Troy, MI 48084
3480 Galleria,Edina Galleria,Edina, MN 55435
419 Nichols Road,,Kansas City, MO 64112
84 Plaza Frontenac,,St. Louis, MO 63131
45 Enterprise Avenue N,,Secaucus, NJ 07094
142 Lincoln Avenue,Suite 101,Santa Fe, NM 87501
47 Bergen Street,,Brooklyn, NY 11201
13 Centre Drive,,Central Valley, NY 10917
26 Newtown Lane,,East Hampton, NY 11937
50 S. Buckhout Street #102,,Irvington, NY 10533
50 South Buckhout Street,,Irvington, NY 10533
1 Bridge Street,,Irvington, NY 10533
521 Madison Avenue,,New York, NY 10022
341 Columbus Avenue,,New York, NY 10024
166 Fifth Avenue,,New York, NY 10010
314 East 9th Street,,New York, NY 10003
395 West Broadway,,New York, NY 10012
10 Columbus Circle,Suite 205,New York, NY 10019
125 Westchester Avenue,,White Plains, NY 10601
6822-G Phillips Place Court,,Charlotte, NC 28210
28807 Chagrin Blvd,,Woodmere, OH 44122
7353 SW Bridgeport Road,,Tigard, OR 97224
48 Saint Georges Road,,Ardmore, PA 19003
160 North Gulph Road,,King Of Prussia, PA 19406
2126 Abbott Martin Road,Space 262,Nashville, TN 37215
8687 N. Central Expressway,North Park Center,Dallas, TX 75225
135 Depot Street,Suite 2B,Manchester, VT 05255
1805G International Drive,,Mclean, VA 22102
2008 Bellevue Square SE,,Bellevue, WA 98004
525 Pine Street,,Seattle, WA 98101
4860 Rainier Avenue South,,Seattle, WA 98118
4610  26th Avenue NE,,Seattle, WA 98105
